match,teamInning,battingPosition,batsman,R,B,M,4s,6s,SR,match_id,out/not_out
Namibia Vs Sri Lanka,Namibia,1,Michael van Lingen ,3,6,7,0,0,50.00,T20I # 1823,out
Namibia Vs Sri Lanka,Namibia,2,Divan la Cock ,9,9,15,1,0,100.00,T20I # 1823,out
Namibia Vs Sri Lanka,Namibia,3,Jan Nicol Loftie-Eaton ,20,12,18,1,2,166.66,T20I # 1823,out
Namibia Vs Sri Lanka,Namibia,4,Stephan Baard ,26,24,49,2,0,108.33,T20I # 1823,out
Namibia Vs Sri Lanka,Namibia,5,Gerhard Erasmus (c),20,24,30,0,0,83.33,T20I # 1823,out
Namibia Vs Sri Lanka,Namibia,6,Jan Frylinck ,44,28,44,4,0,157.14,T20I # 1823,out
Namibia Vs Sri Lanka,Namibia,7,David Wiese ,0,1,4,0,0,0.00,T20I # 1823,out
Namibia Vs Sri Lanka,Namibia,8,JJ Smit ,31,16,29,2,2,193.75,T20I # 1823,not_out
Namibia Vs Sri Lanka,Sri Lanka,1,Pathum Nissanka,9,10,16,1,0,90.00,T20I # 1823,out
Namibia Vs Sri Lanka,Sri Lanka,2,Kusal Mendis ,6,6,8,0,0,100.00,T20I # 1823,out
Namibia Vs Sri Lanka,Sri Lanka,3,Dhananjaya de Silva,12,11,25,1,0,109.09,T20I # 1823,out
Namibia Vs Sri Lanka,Sri Lanka,4,Danushka Gunathilaka,0,1,2,0,0,0.00,T20I # 1823,out
Namibia Vs Sri Lanka,Sri Lanka,5,Bhanuka Rajapaksa,20,21,39,2,0,95.23,T20I # 1823,out
Namibia Vs Sri Lanka,Sri Lanka,6,Dasun Shanaka (c),29,23,37,2,1,126.08,T20I # 1823,out
Namibia Vs Sri Lanka,Sri Lanka,7,Wanindu Hasaranga de Silva,4,8,9,0,0,50.00,T20I # 1823,out
Namibia Vs Sri Lanka,Sri Lanka,8,Chamika Karunaratne,5,8,15,0,0,62.50,T20I # 1823,out
Namibia Vs Sri Lanka,Sri Lanka,9,Pramod Madushan,0,0,4,0,0,-,T20I # 1823,out
Namibia Vs Sri Lanka,Sri Lanka,10,Dushmantha Chameera,8,15,20,0,0,53.33,T20I # 1823,out
Namibia Vs Sri Lanka,Sri Lanka,11,Maheesh Theekshana,11,11,14,0,1,100.00,T20I # 1823,not_out
United Arab Emirates Vs Netherlands,United Arab Emirates,1,Chirag Suri ,12,20,28,1,0,60.00,T20I # 1825,out
United Arab Emirates Vs Netherlands,United Arab Emirates,2,Muhammad Waseem ,41,47,71,1,2,87.23,T20I # 1825,out
United Arab Emirates Vs Netherlands,United Arab Emirates,3,Kashif Daud ,15,14,19,0,1,107.14,T20I # 1825,out
United Arab Emirates Vs Netherlands,United Arab Emirates,4,Vriitya Aravind ,18,21,37,0,0,85.71,T20I # 1825,out
United Arab Emirates Vs Netherlands,United Arab Emirates,5,Zawar Farid ,2,4,8,0,0,50.00,T20I # 1825,out
United Arab Emirates Vs Netherlands,United Arab Emirates,6,Basil Hameed ,4,4,7,1,0,100.00,T20I # 1825,out
United Arab Emirates Vs Netherlands,United Arab Emirates,7,Chundangapoyil Rizwan (c),1,2,7,0,0,50.00,T20I # 1825,out
United Arab Emirates Vs Netherlands,United Arab Emirates,8,Aayan Afzal Khan ,5,7,8,0,0,71.42,T20I # 1825,out
United Arab Emirates Vs Netherlands,United Arab Emirates,9,Karthik Meiyappan ,0,0,4,0,0,-,T20I # 1825,not_out
United Arab Emirates Vs Netherlands,United Arab Emirates,10,Junaid Siddique ,0,1,1,0,0,0.00,T20I # 1825,not_out
United Arab Emirates Vs Netherlands,Netherlands,1,Vikramjit Singh,10,7,8,2,0,142.85,T20I # 1825,out
United Arab Emirates Vs Netherlands,Netherlands,2,Max O'Dowd,23,18,25,3,1,127.77,T20I # 1825,out
United Arab Emirates Vs Netherlands,Netherlands,3,Bas de Leede,14,18,37,1,0,77.77,T20I # 1825,out
United Arab Emirates Vs Netherlands,Netherlands,4,Colin Ackermann,17,19,33,1,0,89.47,T20I # 1825,out
United Arab Emirates Vs Netherlands,Netherlands,5,Tom Cooper,8,16,22,0,0,50.00,T20I # 1825,out
United Arab Emirates Vs Netherlands,Netherlands,6,Scott Edwards (c),16,19,42,0,0,84.21,T20I # 1825,not_out
United Arab Emirates Vs Netherlands,Netherlands,7,Roelof van der Merwe,0,2,4,0,0,0.00,T20I # 1825,out
United Arab Emirates Vs Netherlands,Netherlands,8,Tim Pringle,15,16,26,0,0,93.75,T20I # 1825,out
United Arab Emirates Vs Netherlands,Netherlands,9,Logan van Beek,4,4,7,0,0,100.00,T20I # 1825,not_out
Scotland Vs West Indies,Scotland,1,George Munsey ,66,53,106,9,0,124.52,T20I # 1826,not_out
Scotland Vs West Indies,Scotland,2,Michael Jones ,20,17,36,3,0,117.64,T20I # 1826,out
Scotland Vs West Indies,Scotland,3,Matthew Cross ,3,5,10,0,0,60.00,T20I # 1826,out
Scotland Vs West Indies,Scotland,4,Richie Berrington (c),16,14,21,0,1,114.28,T20I # 1826,out
Scotland Vs West Indies,Scotland,5,Calum MacLeod ,23,14,15,4,0,164.28,T20I # 1826,out
Scotland Vs West Indies,Scotland,6,Michael Leask ,4,6,8,0,0,66.66,T20I # 1826,out
Scotland Vs West Indies,Scotland,7,Chris Greaves ,16,11,19,2,0,145.45,T20I # 1826,not_out
Scotland Vs West Indies,West Indies,1,Kyle Mayers,20,13,12,3,1,153.84,T20I # 1826,out
Scotland Vs West Indies,West Indies,2,Evin Lewis,14,13,30,1,1,107.69,T20I # 1826,out
Scotland Vs West Indies,West Indies,3,Brandon King,17,15,24,3,0,113.33,T20I # 1826,out
Scotland Vs West Indies,West Indies,4,Nicholas Pooran (c),5,9,14,0,0,55.55,T20I # 1826,out
Scotland Vs West Indies,West Indies,5,Shamarh Brooks,4,9,24,0,0,44.44,T20I # 1826,out
Scotland Vs West Indies,West Indies,6,Rovman Powell,5,6,12,0,0,83.33,T20I # 1826,out
Scotland Vs West Indies,West Indies,7,Jason Holder,38,33,37,4,1,115.15,T20I # 1826,out
Scotland Vs West Indies,West Indies,8,Akeal Hosein,1,1,4,0,0,100.00,T20I # 1826,out
Scotland Vs West Indies,West Indies,9,Alzarri Joseph,0,1,4,0,0,0.00,T20I # 1826,out
Scotland Vs West Indies,West Indies,10,Odean Smith,5,8,14,0,0,62.50,T20I # 1826,out
Scotland Vs West Indies,West Indies,11,Obed McCoy,2,3,10,0,0,66.66,T20I # 1826,not_out
Zimbabwe Vs Ireland,Zimbabwe,1,Regis Chakabva ,0,2,3,0,0,0.00,T20I # 1828,out
Zimbabwe Vs Ireland,Zimbabwe,2,Craig Ervine (c),9,12,28,1,0,75.00,T20I # 1828,out
Zimbabwe Vs Ireland,Zimbabwe,3,Wessly Madhevere ,22,19,22,4,0,115.78,T20I # 1828,out
Zimbabwe Vs Ireland,Zimbabwe,4,Sean Williams ,12,11,24,0,1,109.09,T20I # 1828,out
Zimbabwe Vs Ireland,Zimbabwe,5,Sikandar Raza ,82,48,72,5,5,170.83,T20I # 1828,out
Zimbabwe Vs Ireland,Zimbabwe,6,Milton Shumba ,16,14,26,1,0,114.28,T20I # 1828,out
Zimbabwe Vs Ireland,Zimbabwe,7,Ryan Burl ,1,4,9,0,0,25.00,T20I # 1828,out
Zimbabwe Vs Ireland,Zimbabwe,8,Luke Jongwe ,20,10,14,3,0,200.00,T20I # 1828,not_out
Zimbabwe Vs Ireland,Ireland,1,Paul Stirling,0,2,3,0,0,0.00,T20I # 1828,out
Zimbabwe Vs Ireland,Ireland,2,Andy Balbirnie (c),3,4,20,0,0,75.00,T20I # 1828,out
Zimbabwe Vs Ireland,Ireland,3,Lorcan Tucker ,11,11,10,2,0,100.00,T20I # 1828,out
Zimbabwe Vs Ireland,Ireland,4,Harry Tector,1,4,5,0,0,25.00,T20I # 1828,out
Zimbabwe Vs Ireland,Ireland,5,Curtis Campher,27,22,41,1,0,122.72,T20I # 1828,out
Zimbabwe Vs Ireland,Ireland,6,George Dockrell,24,20,25,3,0,120.00,T20I # 1828,out
Zimbabwe Vs Ireland,Ireland,7,Gareth Delany,24,20,23,1,1,120.00,T20I # 1828,out
Zimbabwe Vs Ireland,Ireland,8,Mark Adair,9,10,18,0,1,90.00,T20I # 1828,out
Zimbabwe Vs Ireland,Ireland,9,Simi Singh,0,1,1,0,0,0.00,T20I # 1828,out
Zimbabwe Vs Ireland,Ireland,10,Barry McCarthy,22,16,23,1,2,137.50,T20I # 1828,not_out
Zimbabwe Vs Ireland,Ireland,11,Josh Little,7,11,17,1,0,63.63,T20I # 1828,not_out
Namibia Vs Netherlands,Namibia,1,Michael van Lingen ,20,19,20,3,0,105.26,T20I # 1830,out
Namibia Vs Netherlands,Namibia,2,Divan la Cock ,0,2,5,0,0,0.00,T20I # 1830,out
Namibia Vs Netherlands,Namibia,3,Stephan Baard ,19,22,46,0,0,86.36,T20I # 1830,out
Namibia Vs Netherlands,Namibia,4,Jan Nicol Loftie-Eaton ,0,2,3,0,0,0.00,T20I # 1830,out
Namibia Vs Netherlands,Namibia,5,Jan Frylinck ,43,48,63,1,1,89.58,T20I # 1830,out
Namibia Vs Netherlands,Namibia,6,Gerhard Erasmus (c),16,18,37,0,0,88.88,T20I # 1830,out
Namibia Vs Netherlands,Namibia,7,David Wiese ,11,5,8,1,0,220.00,T20I # 1830,not_out
Namibia Vs Netherlands,Namibia,8,JJ Smit ,5,4,6,1,0,125.00,T20I # 1830,not_out
Namibia Vs Netherlands,Netherlands,1,Max O'Dowd,35,35,59,1,1,100.00,T20I # 1830,out
Namibia Vs Netherlands,Netherlands,2,Vikramjit Singh,39,31,37,3,2,125.80,T20I # 1830,out
Namibia Vs Netherlands,Netherlands,3,Bas de Leede,30,30,51,2,0,100.00,T20I # 1830,not_out
Namibia Vs Netherlands,Netherlands,4,Tom Cooper,6,6,7,1,0,100.00,T20I # 1830,out
Namibia Vs Netherlands,Netherlands,5,Colin Ackermann,0,2,2,0,0,0.00,T20I # 1830,out
Namibia Vs Netherlands,Netherlands,6,Scott Edwards (c),1,5,5,0,0,20.00,T20I # 1830,out
Namibia Vs Netherlands,Netherlands,7,Tim Pringle,8,9,14,0,0,88.88,T20I # 1830,not_out
Sri Lanka Vs United Arab Emirates,Sri Lanka,1,Pathum Nissanka ,74,60,105,6,2,123.33,T20I # 1832,out
Sri Lanka Vs United Arab Emirates,Sri Lanka,2,Kusal Mendis ,18,13,24,2,0,138.46,T20I # 1832,out
Sri Lanka Vs United Arab Emirates,Sri Lanka,3,Dhananjaya de Silva ,33,21,30,3,1,157.14,T20I # 1832,out
Sri Lanka Vs United Arab Emirates,Sri Lanka,4,Bhanuka Rajapaksa ,5,8,19,0,0,62.50,T20I # 1832,out
Sri Lanka Vs United Arab Emirates,Sri Lanka,5,Charith Asalanka ,0,1,2,0,0,0.00,T20I # 1832,out
Sri Lanka Vs United Arab Emirates,Sri Lanka,6,Dasun Shanaka (c),0,1,2,0,0,0.00,T20I # 1832,out
Sri Lanka Vs United Arab Emirates,Sri Lanka,7,Wanindu Hasaranga de Silva ,2,3,3,0,0,66.66,T20I # 1832,out
Sri Lanka Vs United Arab Emirates,Sri Lanka,8,Chamika Karunaratne ,8,11,22,1,0,72.72,T20I # 1832,out
Sri Lanka Vs United Arab Emirates,Sri Lanka,9,Pramod Madushan ,1,1,4,0,0,100.00,T20I # 1832,not_out
Sri Lanka Vs United Arab Emirates,Sri Lanka,10,Dushmantha Chameera ,1,1,2,0,0,100.00,T20I # 1832,not_out
Sri Lanka Vs United Arab Emirates,United Arab Emirates,1,Muhammad Waseem,2,4,13,0,0,50.00,T20I # 1832,out
Sri Lanka Vs United Arab Emirates,United Arab Emirates,2,Chirag Suri,14,19,31,3,0,73.68,T20I # 1832,out
Sri Lanka Vs United Arab Emirates,United Arab Emirates,3,Aryan Lakra,1,3,4,0,0,33.33,T20I # 1832,out
Sri Lanka Vs United Arab Emirates,United Arab Emirates,4,Chundangapoyil Rizwan (c),1,3,8,0,0,33.33,T20I # 1832,out
Sri Lanka Vs United Arab Emirates,United Arab Emirates,5,Vriitya Aravind ,9,18,26,1,0,50.00,T20I # 1832,out
Sri Lanka Vs United Arab Emirates,United Arab Emirates,6,Basil Hameed,2,6,14,0,0,33.33,T20I # 1832,out
Sri Lanka Vs United Arab Emirates,United Arab Emirates,7,Aayan Afzal Khan,19,21,33,1,0,90.47,T20I # 1832,out
Sri Lanka Vs United Arab Emirates,United Arab Emirates,8,Kashif Daud,0,4,8,0,0,0.00,T20I # 1832,out
Sri Lanka Vs United Arab Emirates,United Arab Emirates,9,Karthik Meiyappan,4,8,11,0,0,50.00,T20I # 1832,out
Sri Lanka Vs United Arab Emirates,United Arab Emirates,10,Junaid Siddique,18,16,22,1,1,112.50,T20I # 1832,out
Sri Lanka Vs United Arab Emirates,United Arab Emirates,11,Zahoor Khan,1,1,15,0,0,100.00,T20I # 1832,not_out
Scotland Vs Ireland,Scotland,1,George Munsey ,1,2,9,0,0,50.00,T20I # 1833,out
Scotland Vs Ireland,Scotland,2,Michael Jones ,86,55,95,6,4,156.36,T20I # 1833,out
Scotland Vs Ireland,Scotland,3,Matthew Cross ,28,21,33,5,0,133.33,T20I # 1833,out
Scotland Vs Ireland,Scotland,4,Richie Berrington (c),37,27,39,3,1,137.03,T20I # 1833,out
Scotland Vs Ireland,Scotland,5,Michael Leask ,17,13,19,2,0,130.76,T20I # 1833,not_out
Scotland Vs Ireland,Scotland,6,Calum MacLeod ,0,3,6,0,0,0.00,T20I # 1833,out
Scotland Vs Ireland,Ireland,1,Paul Stirling,8,10,22,1,0,80.00,T20I # 1833,out
Scotland Vs Ireland,Ireland,2,Andy Balbirnie (c),14,12,15,2,0,116.66,T20I # 1833,out
Scotland Vs Ireland,Ireland,3,Lorcan Tucker ,20,17,28,2,0,117.64,T20I # 1833,out
Scotland Vs Ireland,Ireland,4,Harry Tector,14,16,23,1,0,87.50,T20I # 1833,out
Scotland Vs Ireland,Ireland,5,Curtis Campher,72,32,48,7,2,225.00,T20I # 1833,not_out
Scotland Vs Ireland,Ireland,6,George Dockrell,39,27,42,4,1,144.44,T20I # 1833,not_out
West Indies Vs Zimbabwe,West Indies,1,Kyle Mayers ,13,12,17,2,0,108.33,T20I # 1834,out
West Indies Vs Zimbabwe,West Indies,2,Johnson Charles ,45,36,60,3,2,125.00,T20I # 1834,out
West Indies Vs Zimbabwe,West Indies,3,Evin Lewis ,15,18,28,1,0,83.33,T20I # 1834,out
West Indies Vs Zimbabwe,West Indies,4,Nicholas Pooran (c),7,9,10,0,0,77.77,T20I # 1834,out
West Indies Vs Zimbabwe,West Indies,5,Rovman Powell ,28,21,40,1,2,133.33,T20I # 1834,out
West Indies Vs Zimbabwe,West Indies,6,Shamarh Brooks ,0,3,5,0,0,0.00,T20I # 1834,out
West Indies Vs Zimbabwe,West Indies,7,Jason Holder ,4,3,3,0,0,133.33,T20I # 1834,out
West Indies Vs Zimbabwe,West Indies,8,Akeal Hosein ,23,18,31,2,0,127.77,T20I # 1834,not_out
West Indies Vs Zimbabwe,West Indies,9,Odean Smith ,1,2,2,0,0,50.00,T20I # 1834,not_out
West Indies Vs Zimbabwe,Zimbabwe,1,Wessly Madhevere,27,19,37,3,1,142.10,T20I # 1834,out
West Indies Vs Zimbabwe,Zimbabwe,2,Regis Chakabva (c),13,9,14,3,0,144.44,T20I # 1834,out
West Indies Vs Zimbabwe,Zimbabwe,3,Tony Munyonga,2,6,12,0,0,33.33,T20I # 1834,out
West Indies Vs Zimbabwe,Zimbabwe,4,Sean Williams,1,2,4,0,0,50.00,T20I # 1834,out
West Indies Vs Zimbabwe,Zimbabwe,5,Sikandar Raza,14,8,12,1,1,175.00,T20I # 1834,out
West Indies Vs Zimbabwe,Zimbabwe,6,Milton Shumba,2,9,20,0,0,22.22,T20I # 1834,out
West Indies Vs Zimbabwe,Zimbabwe,7,Ryan Burl,17,19,30,3,0,89.47,T20I # 1834,out
West Indies Vs Zimbabwe,Zimbabwe,8,Luke Jongwe,29,22,31,3,1,131.81,T20I # 1834,out
West Indies Vs Zimbabwe,Zimbabwe,9,Richard Ngarava,2,6,11,0,0,33.33,T20I # 1834,out
West Indies Vs Zimbabwe,Zimbabwe,10,Tendai Chatara,3,8,12,0,0,37.50,T20I # 1834,out
West Indies Vs Zimbabwe,Zimbabwe,11,Blessing Muzarabani,1,4,4,0,0,25.00,T20I # 1834,not_out
Sri Lanka Vs Netherlands,Sri Lanka,1,Pathum Nissanka ,14,21,25,0,1,66.66,T20I # 1835,out
Sri Lanka Vs Netherlands,Sri Lanka,2,Kusal Mendis ,79,44,94,5,5,179.54,T20I # 1835,out
Sri Lanka Vs Netherlands,Sri Lanka,3,Dhananjaya de Silva ,0,1,2,0,0,0.00,T20I # 1835,out
Sri Lanka Vs Netherlands,Sri Lanka,4,Charith Asalanka ,31,30,38,3,0,103.33,T20I # 1835,out
Sri Lanka Vs Netherlands,Sri Lanka,5,Bhanuka Rajapaksa ,19,13,18,2,0,146.15,T20I # 1835,out
Sri Lanka Vs Netherlands,Sri Lanka,6,Dasun Shanaka (c),8,5,9,0,1,160.00,T20I # 1835,out
Sri Lanka Vs Netherlands,Sri Lanka,7,Wanindu Hasaranga de Silva ,5,4,8,0,0,125.00,T20I # 1835,not_out
Sri Lanka Vs Netherlands,Sri Lanka,8,Chamika Karunaratne ,2,2,4,0,0,100.00,T20I # 1835,not_out
Sri Lanka Vs Netherlands,Netherlands,1,Max O'Dowd,71,53,99,6,3,133.96,T20I # 1835,not_out
Sri Lanka Vs Netherlands,Netherlands,2,Vikramjit Singh,7,14,18,0,0,50.00,T20I # 1835,out
Sri Lanka Vs Netherlands,Netherlands,3,Bas de Leede,14,10,12,1,1,140.00,T20I # 1835,out
Sri Lanka Vs Netherlands,Netherlands,4,Colin Ackermann,0,1,4,0,0,0.00,T20I # 1835,out
Sri Lanka Vs Netherlands,Netherlands,5,Tom Cooper,16,19,23,2,0,84.21,T20I # 1835,out
Sri Lanka Vs Netherlands,Netherlands,6,Scott Edwards (c),21,15,16,3,0,140.00,T20I # 1835,out
Sri Lanka Vs Netherlands,Netherlands,7,Tim Pringle,2,4,8,0,0,50.00,T20I # 1835,out
Sri Lanka Vs Netherlands,Netherlands,8,Timm van der Gugten,0,1,2,0,0,0.00,T20I # 1835,out
Sri Lanka Vs Netherlands,Netherlands,9,Fred Klaassen,3,3,5,0,0,100.00,T20I # 1835,out
Sri Lanka Vs Netherlands,Netherlands,10,Paul van Meekeren,0,0,4,0,0,-,T20I # 1835,out
Sri Lanka Vs Netherlands,Netherlands,11,Roelof van der Merwe,0,1,14,0,0,0.00,T20I # 1835,not_out
United Arab Emirates Vs Namibia,United Arab Emirates,1,Muhammad Waseem ,50,41,66,1,3,121.95,T20I # 1836,out
United Arab Emirates Vs Namibia,United Arab Emirates,2,Vriitya Aravind ,21,32,34,2,0,65.62,T20I # 1836,out
United Arab Emirates Vs Namibia,United Arab Emirates,3,Chundangapoyil Rizwan (c),43,29,55,3,1,148.27,T20I # 1836,not_out
United Arab Emirates Vs Namibia,United Arab Emirates,4,Alishan Sharafu ,4,4,10,0,0,100.00,T20I # 1836,out
United Arab Emirates Vs Namibia,United Arab Emirates,5,Basil Hameed ,25,14,13,2,2,178.57,T20I # 1836,not_out
United Arab Emirates Vs Namibia,Namibia,1,Michael van Lingen,10,8,14,1,0,125.00,T20I # 1836,out
United Arab Emirates Vs Namibia,Namibia,2,Stephan Baard,4,6,9,1,0,66.66,T20I # 1836,out
United Arab Emirates Vs Namibia,Namibia,3,Jan Nicol Loftie-Eaton,1,6,17,0,0,16.66,T20I # 1836,out
United Arab Emirates Vs Namibia,Namibia,4,Gerhard Erasmus (c),16,18,23,2,0,88.88,T20I # 1836,out
United Arab Emirates Vs Namibia,Namibia,5,Jan Frylinck,14,17,33,1,0,82.35,T20I # 1836,out
United Arab Emirates Vs Namibia,Namibia,6,JJ Smit,3,3,3,0,0,100.00,T20I # 1836,out
United Arab Emirates Vs Namibia,Namibia,7,David Wiese,55,36,65,3,3,152.77,T20I # 1836,out
United Arab Emirates Vs Namibia,Namibia,8,Zane Green ,2,3,3,0,0,66.66,T20I # 1836,out
United Arab Emirates Vs Namibia,Namibia,9,Ruben Trumpelmann,25,24,43,1,1,104.16,T20I # 1836,not_out
United Arab Emirates Vs Namibia,Namibia,10,Bernard Scholtz,1,1,-,0,0,100.00,T20I # 1836,not_out
West Indies Vs Ireland,West Indies,1,Kyle Mayers ,1,5,12,0,0,20.00,T20I # 1837,out
West Indies Vs Ireland,West Indies,2,Johnson Charles ,24,18,22,3,1,133.33,T20I # 1837,out
West Indies Vs Ireland,West Indies,3,Evin Lewis ,13,18,42,0,0,72.22,T20I # 1837,out
West Indies Vs Ireland,West Indies,4,Brandon King ,62,48,80,6,1,129.16,T20I # 1837,not_out
West Indies Vs Ireland,West Indies,5,Nicholas Pooran (c),13,11,16,0,1,118.18,T20I # 1837,out
West Indies Vs Ireland,West Indies,6,Rovman Powell ,6,8,12,1,0,75.00,T20I # 1837,out
West Indies Vs Ireland,West Indies,7,Odean Smith ,19,12,18,1,2,158.33,T20I # 1837,not_out
West Indies Vs Ireland,Ireland,1,Paul Stirling,66,48,79,6,2,137.50,T20I # 1837,not_out
West Indies Vs Ireland,Ireland,2,Andy Balbirnie (c),37,23,34,3,3,160.86,T20I # 1837,out
West Indies Vs Ireland,Ireland,3,Lorcan Tucker ,45,35,46,2,2,128.57,T20I # 1837,not_out
Scotland Vs Zimbabwe,Scotland,1,George Munsey ,54,51,74,7,0,105.88,T20I # 1838,out
Scotland Vs Zimbabwe,Scotland,2,Michael Jones ,4,5,6,1,0,80.00,T20I # 1838,out
Scotland Vs Zimbabwe,Scotland,3,Matthew Cross ,1,7,15,0,0,14.28,T20I # 1838,out
Scotland Vs Zimbabwe,Scotland,4,Richie Berrington (c),13,15,24,0,0,86.66,T20I # 1838,out
Scotland Vs Zimbabwe,Scotland,5,Calum MacLeod ,25,26,46,1,0,96.15,T20I # 1838,out
Scotland Vs Zimbabwe,Scotland,6,Michael Leask ,12,9,11,2,0,133.33,T20I # 1838,out
Scotland Vs Zimbabwe,Scotland,7,Chris Greaves ,3,7,10,0,0,42.85,T20I # 1838,not_out
Scotland Vs Zimbabwe,Scotland,8,Josh Davey ,4,3,3,0,0,133.33,T20I # 1838,not_out
Scotland Vs Zimbabwe,Zimbabwe,1,Regis Chakabva ,4,3,3,1,0,133.33,T20I # 1838,out
Scotland Vs Zimbabwe,Zimbabwe,2,Craig Ervine (c),58,54,79,6,0,107.40,T20I # 1838,out
Scotland Vs Zimbabwe,Zimbabwe,3,Wessly Madhevere,0,5,8,0,0,0.00,T20I # 1838,out
Scotland Vs Zimbabwe,Zimbabwe,4,Sean Williams,7,12,28,0,0,58.33,T20I # 1838,out
Scotland Vs Zimbabwe,Zimbabwe,5,Sikandar Raza,40,23,34,3,2,173.91,T20I # 1838,out
Scotland Vs Zimbabwe,Zimbabwe,6,Milton Shumba,11,11,16,0,0,100.00,T20I # 1838,not_out
Scotland Vs Zimbabwe,Zimbabwe,7,Ryan Burl,9,5,7,1,0,180.00,T20I # 1838,not_out
New Zealand Vs Australia,New Zealand,1,Finn Allen ,42,16,24,5,3,262.50,T20I # 1839,out
New Zealand Vs Australia,New Zealand,2,Devon Conway ,92,58,106,7,2,158.62,T20I # 1839,not_out
New Zealand Vs Australia,New Zealand,3,Kane Williamson (c),23,23,48,1,1,100.00,T20I # 1839,out
New Zealand Vs Australia,New Zealand,4,Glenn Phillips ,12,10,16,2,0,120.00,T20I # 1839,out
New Zealand Vs Australia,New Zealand,5,James Neesham ,26,13,19,0,2,200.00,T20I # 1839,not_out
New Zealand Vs Australia,Australia,1,David Warner,5,6,7,1,0,83.33,T20I # 1839,out
New Zealand Vs Australia,Australia,2,Aaron Finch (c),13,11,20,1,1,118.18,T20I # 1839,out
New Zealand Vs Australia,Australia,3,Mitchell Marsh,16,12,17,2,1,133.33,T20I # 1839,out
New Zealand Vs Australia,Australia,4,Glenn Maxwell,28,20,47,3,1,140.00,T20I # 1839,out
New Zealand Vs Australia,Australia,5,Marcus Stoinis,7,14,16,0,0,50.00,T20I # 1839,out
New Zealand Vs Australia,Australia,6,Tim David,11,8,12,0,1,137.50,T20I # 1839,out
New Zealand Vs Australia,Australia,7,Matthew Wade ,2,4,10,0,0,50.00,T20I # 1839,out
New Zealand Vs Australia,Australia,8,Pat Cummins,21,18,27,2,1,116.66,T20I # 1839,out
New Zealand Vs Australia,Australia,9,Mitchell Starc,4,7,13,0,0,57.14,T20I # 1839,out
New Zealand Vs Australia,Australia,10,Adam Zampa,0,2,3,0,0,0.00,T20I # 1839,out
New Zealand Vs Australia,Australia,11,Josh Hazlewood,1,1,6,0,0,100.00,T20I # 1839,not_out
Afghanistan Vs England,Afghanistan,1,Hazratullah Zazai ,7,17,31,1,0,41.17,T20I # 1840,out
Afghanistan Vs England,Afghanistan,2,Rahmanullah Gurbaz ,10,9,13,0,1,111.11,T20I # 1840,out
Afghanistan Vs England,Afghanistan,3,Ibrahim Zadran ,32,32,41,3,1,100.00,T20I # 1840,out
Afghanistan Vs England,Afghanistan,4,Usman Ghani ,30,30,60,3,0,100.00,T20I # 1840,out
Afghanistan Vs England,Afghanistan,5,Najibullah Zadran ,13,11,15,0,1,118.18,T20I # 1840,out
Afghanistan Vs England,Afghanistan,6,Mohammad Nabi (c),3,5,7,0,0,60.00,T20I # 1840,out
Afghanistan Vs England,Afghanistan,7,Azmatullah Omarzai ,8,6,11,1,0,133.33,T20I # 1840,out
Afghanistan Vs England,Afghanistan,8,Rashid Khan ,0,1,2,0,0,0.00,T20I # 1840,out
Afghanistan Vs England,Afghanistan,9,Mujeeb Ur Rahman ,0,1,3,0,0,0.00,T20I # 1840,out
Afghanistan Vs England,Afghanistan,10,Fareed Ahmad ,2,4,7,0,0,50.00,T20I # 1840,not_out
Afghanistan Vs England,Afghanistan,11,Fazalhaq Farooqi ,0,2,3,0,0,0.00,T20I # 1840,out
Afghanistan Vs England,England,1,Jos Buttler (c),18,18,25,3,0,100.00,T20I # 1840,out
Afghanistan Vs England,England,2,Alex Hales,19,20,41,0,1,95.00,T20I # 1840,out
Afghanistan Vs England,England,3,Dawid Malan,18,30,40,0,0,60.00,T20I # 1840,out
Afghanistan Vs England,England,4,Ben Stokes,2,4,11,0,0,50.00,T20I # 1840,out
Afghanistan Vs England,England,5,Liam Livingstone,29,21,34,3,0,138.09,T20I # 1840,not_out
Afghanistan Vs England,England,6,Harry Brook,7,6,9,0,0,116.66,T20I # 1840,out
Afghanistan Vs England,England,7,Moeen Ali,8,10,13,0,0,80.00,T20I # 1840,not_out
Ireland Vs Sri Lanka,Ireland,1,Paul Stirling ,34,25,45,4,1,136.00,T20I # 1841,out
Ireland Vs Sri Lanka,Ireland,2,Andy Balbirnie (c),1,5,7,0,0,20.00,T20I # 1841,out
Ireland Vs Sri Lanka,Ireland,3,Lorcan Tucker ,10,11,20,1,0,90.90,T20I # 1841,out
Ireland Vs Sri Lanka,Ireland,4,Harry Tector ,45,42,59,2,1,107.14,T20I # 1841,out
Ireland Vs Sri Lanka,Ireland,5,Curtis Campher ,2,4,6,0,0,50.00,T20I # 1841,out
Ireland Vs Sri Lanka,Ireland,6,George Dockrell ,14,16,25,0,0,87.50,T20I # 1841,out
Ireland Vs Sri Lanka,Ireland,7,Gareth Delany ,9,6,10,1,0,150.00,T20I # 1841,out
Ireland Vs Sri Lanka,Ireland,8,Mark Adair ,0,1,5,0,0,0.00,T20I # 1841,out
Ireland Vs Sri Lanka,Ireland,9,Simi Singh ,7,8,9,1,0,87.50,T20I # 1841,not_out
Ireland Vs Sri Lanka,Ireland,10,Barry McCarthy ,2,2,7,0,0,100.00,T20I # 1841,not_out
Ireland Vs Sri Lanka,Sri Lanka,1,Kusal Mendis ,68,43,68,5,3,158.13,T20I # 1841,not_out
Ireland Vs Sri Lanka,Sri Lanka,2,Dhananjaya de Silva,31,25,35,2,1,124.00,T20I # 1841,out
Ireland Vs Sri Lanka,Sri Lanka,3,Charith Asalanka,31,22,33,2,0,140.90,T20I # 1841,not_out
Pakistan Vs India,Pakistan,1,Mohammad Rizwan ,4,12,25,1,0,33.33,T20I # 1842,out
Pakistan Vs India,Pakistan,2,Babar Azam (c),0,1,10,0,0,0.00,T20I # 1842,out
Pakistan Vs India,Pakistan,3,Shan Masood ,52,42,101,5,0,123.80,T20I # 1842,not_out
Pakistan Vs India,Pakistan,4,Iftikhar Ahmed ,51,34,43,2,4,150.00,T20I # 1842,out
Pakistan Vs India,Pakistan,5,Shadab Khan ,5,6,6,1,0,83.33,T20I # 1842,out
Pakistan Vs India,Pakistan,6,Haider Ali ,2,4,6,0,0,50.00,T20I # 1842,out
Pakistan Vs India,Pakistan,7,Mohammad Nawaz ,9,6,12,2,0,150.00,T20I # 1842,out
Pakistan Vs India,Pakistan,8,Asif Ali ,2,3,6,0,0,66.66,T20I # 1842,out
Pakistan Vs India,Pakistan,9,Shaheen Shah Afridi ,16,8,17,1,1,200.00,T20I # 1842,out
Pakistan Vs India,Pakistan,10,Haris Rauf ,6,4,3,0,1,150.00,T20I # 1842,not_out
Pakistan Vs India,India,1,KL Rahul,4,8,13,0,0,50.00,T20I # 1842,out
Pakistan Vs India,India,2,Rohit Sharma (c),4,7,20,0,0,57.14,T20I # 1842,out
Pakistan Vs India,India,3,Virat Kohli,82,53,98,6,4,154.71,T20I # 1842,not_out
Pakistan Vs India,India,4,Suryakumar Yadav,15,10,11,2,0,150.00,T20I # 1842,out
Pakistan Vs India,India,5,Axar Patel,2,3,7,0,0,66.66,T20I # 1842,out
Pakistan Vs India,India,6,Hardik Pandya,40,37,61,1,2,108.10,T20I # 1842,out
Pakistan Vs India,India,7,Dinesh Karthik ,1,2,10,0,0,50.00,T20I # 1842,out
Pakistan Vs India,India,8,Ravichandran Ashwin,1,1,2,0,0,100.00,T20I # 1842,not_out
Bangladesh Vs Netherlands,Bangladesh,1,Najmul Hossain Shanto ,25,20,31,4,0,125.00,T20I # 1843,out
Bangladesh Vs Netherlands,Bangladesh,2,Soumya Sarkar ,14,14,24,2,0,100.00,T20I # 1843,out
Bangladesh Vs Netherlands,Bangladesh,3,Litton Das ,9,11,17,0,0,81.81,T20I # 1843,out
Bangladesh Vs Netherlands,Bangladesh,4,Shakib Al Hasan (c),7,9,14,0,0,77.77,T20I # 1843,out
Bangladesh Vs Netherlands,Bangladesh,5,Afif Hossain ,38,27,47,2,2,140.74,T20I # 1843,out
Bangladesh Vs Netherlands,Bangladesh,6,Yasir Ali ,3,5,9,0,0,60.00,T20I # 1843,out
Bangladesh Vs Netherlands,Bangladesh,7,Nurul Hasan ,13,18,28,0,0,72.22,T20I # 1843,out
Bangladesh Vs Netherlands,Bangladesh,8,Mosaddek Hossain ,20,12,12,2,1,166.66,T20I # 1843,not_out
Bangladesh Vs Netherlands,Bangladesh,9,Taskin Ahmed ,0,1,3,0,0,0.00,T20I # 1843,out
Bangladesh Vs Netherlands,Bangladesh,10,Hasan Mahmud ,0,3,6,0,0,0.00,T20I # 1843,not_out
Bangladesh Vs Netherlands,Netherlands,1,Vikramjit Singh,0,1,4,0,0,0.00,T20I # 1843,out
Bangladesh Vs Netherlands,Netherlands,2,Max O'Dowd,8,8,21,0,1,100.00,T20I # 1843,out
Bangladesh Vs Netherlands,Netherlands,3,Bas de Leede,0,1,2,0,0,0.00,T20I # 1843,out
Bangladesh Vs Netherlands,Netherlands,4,Colin Ackermann,62,48,77,6,2,129.16,T20I # 1843,out
Bangladesh Vs Netherlands,Netherlands,5,Tom Cooper,0,0,2,0,0,-,T20I # 1843,out
Bangladesh Vs Netherlands,Netherlands,6,Scott Edwards (c),16,24,33,1,0,66.66,T20I # 1843,out
Bangladesh Vs Netherlands,Netherlands,7,Tim Pringle,1,6,5,0,0,16.66,T20I # 1843,out
Bangladesh Vs Netherlands,Netherlands,8,Logan van Beek,2,5,9,0,0,40.00,T20I # 1843,out
Bangladesh Vs Netherlands,Netherlands,9,Shariz Ahmad,9,8,9,1,0,112.50,T20I # 1843,out
Bangladesh Vs Netherlands,Netherlands,10,Fred Klaassen,7,6,20,0,0,116.66,T20I # 1843,not_out
Bangladesh Vs Netherlands,Netherlands,11,Paul van Meekeren,24,14,16,3,1,171.42,T20I # 1843,out
Zimbabwe Vs South Africa,Zimbabwe,1,Regis Chakabva ,8,8,13,0,1,100.00,T20I # 1844,out
Zimbabwe Vs South Africa,Zimbabwe,2,Craig Ervine (c),2,6,11,0,0,33.33,T20I # 1844,out
Zimbabwe Vs South Africa,Zimbabwe,3,Sean Williams ,1,1,10,0,0,100.00,T20I # 1844,out
Zimbabwe Vs South Africa,Zimbabwe,4,Sikandar Raza ,0,2,3,0,0,0.00,T20I # 1844,out
Zimbabwe Vs South Africa,Zimbabwe,5,Wessly Madhevere ,35,18,37,4,1,194.44,T20I # 1844,not_out
Zimbabwe Vs South Africa,Zimbabwe,6,Milton Shumba ,18,20,32,2,0,90.00,T20I # 1844,out
Zimbabwe Vs South Africa,South Africa,1,Quinton de Kock ,47,18,26,8,1,261.11,T20I # 1844,not_out
Zimbabwe Vs South Africa,South Africa,2,Temba Bavuma (c),2,2,26,0,0,100.00,T20I # 1844,not_out
Sri Lanka Vs Australia,Sri Lanka,1,Pathum Nissanka ,40,45,65,2,0,88.88,T20I # 1845,out
Sri Lanka Vs Australia,Sri Lanka,2,Kusal Mendis ,5,6,9,1,0,83.33,T20I # 1845,out
Sri Lanka Vs Australia,Sri Lanka,3,Dhananjaya de Silva ,26,23,47,3,0,113.04,T20I # 1845,out
Sri Lanka Vs Australia,Sri Lanka,4,Charith Asalanka ,38,25,45,3,2,152.00,T20I # 1845,not_out
Sri Lanka Vs Australia,Sri Lanka,5,Bhanuka Rajapaksa ,7,5,9,1,0,140.00,T20I # 1845,out
Sri Lanka Vs Australia,Sri Lanka,6,Dasun Shanaka (c),3,5,6,0,0,60.00,T20I # 1845,out
Sri Lanka Vs Australia,Sri Lanka,7,Wanindu Hasaranga de Silva ,1,4,8,0,0,25.00,T20I # 1845,out
Sri Lanka Vs Australia,Sri Lanka,8,Chamika Karunaratne ,14,7,16,2,0,200.00,T20I # 1845,not_out
Sri Lanka Vs Australia,Australia,1,David Warner,11,10,26,0,0,110.00,T20I # 1845,out
Sri Lanka Vs Australia,Australia,2,Aaron Finch (c),31,42,89,0,1,73.80,T20I # 1845,not_out
Sri Lanka Vs Australia,Australia,3,Mitchell Marsh,17,17,20,1,1,100.00,T20I # 1845,out
Sri Lanka Vs Australia,Australia,4,Glenn Maxwell,23,12,21,2,2,191.66,T20I # 1845,out
Sri Lanka Vs Australia,Australia,5,Marcus Stoinis,59,18,22,4,6,327.77,T20I # 1845,not_out
Ireland Vs England,Ireland,1,Paul Stirling ,14,8,16,1,1,175.00,T20I # 1846,out
Ireland Vs England,Ireland,2,Andy Balbirnie (c),62,47,74,5,2,131.91,T20I # 1846,out
Ireland Vs England,Ireland,3,Lorcan Tucker ,34,27,42,3,1,125.92,T20I # 1846,out
Ireland Vs England,Ireland,4,Harry Tector ,0,2,3,0,0,0.00,T20I # 1846,out
Ireland Vs England,Ireland,5,Curtis Campher ,18,11,22,3,0,163.63,T20I # 1846,out
Ireland Vs England,Ireland,6,George Dockrell ,0,1,2,0,0,0.00,T20I # 1846,out
Ireland Vs England,Ireland,7,Gareth Delany ,12,10,22,1,0,120.00,T20I # 1846,not_out
Ireland Vs England,Ireland,8,Mark Adair ,4,4,8,0,0,100.00,T20I # 1846,out
Ireland Vs England,Ireland,9,Barry McCarthy ,3,3,4,0,0,100.00,T20I # 1846,out
Ireland Vs England,Ireland,10,Fionn Hand ,1,2,4,0,0,50.00,T20I # 1846,out
Ireland Vs England,Ireland,11,Josh Little ,0,1,3,0,0,0.00,T20I # 1846,out
Ireland Vs England,England,1,Jos Buttler (c),0,2,3,0,0,0.00,T20I # 1846,out
Ireland Vs England,England,2,Alex Hales,7,5,14,1,0,140.00,T20I # 1846,out
Ireland Vs England,England,3,Dawid Malan,35,37,66,2,0,94.59,T20I # 1846,out
Ireland Vs England,England,4,Ben Stokes,6,8,14,0,0,75.00,T20I # 1846,out
Ireland Vs England,England,5,Harry Brook,18,21,30,1,0,85.71,T20I # 1846,out
Ireland Vs England,England,6,Moeen Ali,24,12,18,3,1,200.00,T20I # 1846,not_out
Ireland Vs England,England,7,Liam Livingstone,1,2,7,0,0,50.00,T20I # 1846,not_out
South Africa Vs Bangladesh,South Africa,1,Temba Bavuma (c),2,6,6,0,0,33.33,T20I # 1847,out
South Africa Vs Bangladesh,South Africa,2,Quinton de Kock ,63,38,77,7,3,165.78,T20I # 1847,out
South Africa Vs Bangladesh,South Africa,3,Rilee Rossouw ,109,56,90,7,8,194.64,T20I # 1847,out
South Africa Vs Bangladesh,South Africa,4,Tristan Stubbs ,7,7,9,1,0,100.00,T20I # 1847,out
South Africa Vs Bangladesh,South Africa,5,Aiden Markram ,10,11,16,1,0,90.90,T20I # 1847,out
South Africa Vs Bangladesh,South Africa,6,David Miller ,2,4,8,0,0,50.00,T20I # 1847,not_out
South Africa Vs Bangladesh,South Africa,7,Wayne Parnell ,0,2,2,0,0,0.00,T20I # 1847,not_out
South Africa Vs Bangladesh,Bangladesh,1,Najmul Hossain Shanto,9,9,15,1,0,100.00,T20I # 1847,out
South Africa Vs Bangladesh,Bangladesh,2,Soumya Sarkar,15,6,11,0,2,250.00,T20I # 1847,out
South Africa Vs Bangladesh,Bangladesh,3,Litton Das,34,31,57,1,1,109.67,T20I # 1847,out
South Africa Vs Bangladesh,Bangladesh,4,Shakib Al Hasan (c),1,4,11,0,0,25.00,T20I # 1847,out
South Africa Vs Bangladesh,Bangladesh,5,Afif Hossain,1,5,8,0,0,20.00,T20I # 1847,out
South Africa Vs Bangladesh,Bangladesh,6,Mehidy Hasan Miraz,11,13,17,0,0,84.61,T20I # 1847,out
South Africa Vs Bangladesh,Bangladesh,7,Mosaddek Hossain,0,3,4,0,0,0.00,T20I # 1847,out
South Africa Vs Bangladesh,Bangladesh,8,Nurul Hasan ,2,6,7,0,0,33.33,T20I # 1847,out
South Africa Vs Bangladesh,Bangladesh,9,Taskin Ahmed,10,17,22,1,0,58.82,T20I # 1847,out
South Africa Vs Bangladesh,Bangladesh,10,Hasan Mahmud,0,2,7,0,0,0.00,T20I # 1847,out
South Africa Vs Bangladesh,Bangladesh,11,Mustafizur Rahman,9,3,8,0,1,300.00,T20I # 1847,not_out
India Vs Netherlands,India,1,KL Rahul ,9,12,12,1,0,75.00,T20I # 1848,out
India Vs Netherlands,India,2,Rohit Sharma (c),53,39,53,4,3,135.89,T20I # 1848,out
India Vs Netherlands,India,3,Virat Kohli ,62,44,79,3,2,140.90,T20I # 1848,not_out
India Vs Netherlands,India,4,Suryakumar Yadav ,51,25,38,7,1,204.00,T20I # 1848,not_out
India Vs Netherlands,Netherlands,1,Vikramjit Singh,1,9,13,0,0,11.11,T20I # 1848,out
India Vs Netherlands,Netherlands,2,Max O'Dowd,16,10,22,3,0,160.00,T20I # 1848,out
India Vs Netherlands,Netherlands,3,Bas de Leede,16,23,27,0,0,69.56,T20I # 1848,out
India Vs Netherlands,Netherlands,4,Colin Ackermann,17,21,31,1,0,80.95,T20I # 1848,out
India Vs Netherlands,Netherlands,5,Tom Cooper,9,12,12,0,0,75.00,T20I # 1848,out
India Vs Netherlands,Netherlands,6,Scott Edwards (c),5,8,21,0,0,62.50,T20I # 1848,out
India Vs Netherlands,Netherlands,7,Tim Pringle,20,15,14,1,1,133.33,T20I # 1848,out
India Vs Netherlands,Netherlands,8,Logan van Beek,3,5,11,0,0,60.00,T20I # 1848,out
India Vs Netherlands,Netherlands,9,Shariz Ahmad,16,11,18,2,0,145.45,T20I # 1848,not_out
India Vs Netherlands,Netherlands,10,Fred Klaassen,0,1,3,0,0,0.00,T20I # 1848,out
India Vs Netherlands,Netherlands,11,Paul van Meekeren,14,6,9,3,0,233.33,T20I # 1848,not_out
Zimbabwe Vs Pakistan,Zimbabwe,1,Wessly Madhevere ,17,13,30,3,0,130.76,T20I # 1849,out
Zimbabwe Vs Pakistan,Zimbabwe,2,Craig Ervine (c),19,19,26,2,0,100.00,T20I # 1849,out
Zimbabwe Vs Pakistan,Zimbabwe,3,Milton Shumba ,8,10,22,1,0,80.00,T20I # 1849,out
Zimbabwe Vs Pakistan,Zimbabwe,4,Sean Williams ,31,28,37,3,0,110.71,T20I # 1849,out
Zimbabwe Vs Pakistan,Zimbabwe,5,Sikandar Raza ,9,16,22,1,0,56.25,T20I # 1849,out
Zimbabwe Vs Pakistan,Zimbabwe,6,Regis Chakabva ,0,1,2,0,0,0.00,T20I # 1849,out
Zimbabwe Vs Pakistan,Zimbabwe,7,Ryan Burl ,10,15,30,0,0,66.66,T20I # 1849,not_out
Zimbabwe Vs Pakistan,Zimbabwe,8,Luke Jongwe ,0,1,2,0,0,0.00,T20I # 1849,out
Zimbabwe Vs Pakistan,Zimbabwe,9,Brad Evans ,19,15,24,0,1,126.66,T20I # 1849,out
Zimbabwe Vs Pakistan,Zimbabwe,10,Richard Ngarava ,3,2,3,0,0,150.00,T20I # 1849,not_out
Zimbabwe Vs Pakistan,Pakistan,1,Mohammad Rizwan ,14,16,23,1,1,87.50,T20I # 1849,out
Zimbabwe Vs Pakistan,Pakistan,2,Babar Azam (c),4,9,17,1,0,44.44,T20I # 1849,out
Zimbabwe Vs Pakistan,Pakistan,3,Shan Masood,44,38,61,3,0,115.78,T20I # 1849,out
Zimbabwe Vs Pakistan,Pakistan,4,Iftikhar Ahmed,5,10,16,1,0,50.00,T20I # 1849,out
Zimbabwe Vs Pakistan,Pakistan,5,Shadab Khan,17,14,27,0,1,121.42,T20I # 1849,out
Zimbabwe Vs Pakistan,Pakistan,6,Haider Ali,0,1,3,0,0,0.00,T20I # 1849,out
Zimbabwe Vs Pakistan,Pakistan,7,Mohammad Nawaz,22,18,36,1,1,122.22,T20I # 1849,out
Zimbabwe Vs Pakistan,Pakistan,8,Mohammad Wasim,12,13,29,2,0,92.30,T20I # 1849,not_out
Zimbabwe Vs Pakistan,Pakistan,9,Shaheen Shah Afridi,1,1,3,0,0,100.00,T20I # 1849,out
New Zealand Vs Sri Lanka,New Zealand,1,Finn Allen ,1,3,3,0,0,33.33,T20I # 1850,out
New Zealand Vs Sri Lanka,New Zealand,2,Devon Conway ,1,4,14,0,0,25.00,T20I # 1850,out
New Zealand Vs Sri Lanka,New Zealand,3,Kane Williamson (c),8,13,18,1,0,61.53,T20I # 1850,out
New Zealand Vs Sri Lanka,New Zealand,4,Glenn Phillips ,104,64,87,10,4,162.50,T20I # 1850,out
New Zealand Vs Sri Lanka,New Zealand,5,Daryl Mitchell ,22,24,52,0,0,91.66,T20I # 1850,out
New Zealand Vs Sri Lanka,New Zealand,6,James Neesham ,5,8,15,0,0,62.50,T20I # 1850,out
New Zealand Vs Sri Lanka,New Zealand,7,Mitchell Santner ,11,5,17,0,1,220.00,T20I # 1850,not_out
New Zealand Vs Sri Lanka,New Zealand,8,Ish Sodhi ,1,1,3,0,0,100.00,T20I # 1850,out
New Zealand Vs Sri Lanka,New Zealand,9,Tim Southee ,4,1,1,1,0,400.00,T20I # 1850,not_out
New Zealand Vs Sri Lanka,Sri Lanka,1,Pathum Nissanka,0,5,5,0,0,0.00,T20I # 1850,out
New Zealand Vs Sri Lanka,Sri Lanka,2,Kusal Mendis ,4,3,9,1,0,133.33,T20I # 1850,out
New Zealand Vs Sri Lanka,Sri Lanka,3,Dhananjaya de Silva,0,3,8,0,0,0.00,T20I # 1850,out
New Zealand Vs Sri Lanka,Sri Lanka,4,Charith Asalanka,4,8,11,0,0,50.00,T20I # 1850,out
New Zealand Vs Sri Lanka,Sri Lanka,5,Bhanuka Rajapaksa,34,22,38,3,2,154.54,T20I # 1850,out
New Zealand Vs Sri Lanka,Sri Lanka,6,Chamika Karunaratne,3,8,13,0,0,37.50,T20I # 1850,out
New Zealand Vs Sri Lanka,Sri Lanka,7,Dasun Shanaka (c),35,32,49,4,1,109.37,T20I # 1850,out
New Zealand Vs Sri Lanka,Sri Lanka,8,Wanindu Hasaranga de Silva,4,6,6,1,0,66.66,T20I # 1850,out
New Zealand Vs Sri Lanka,Sri Lanka,9,Maheesh Theekshana,0,3,5,0,0,0.00,T20I # 1850,out
New Zealand Vs Sri Lanka,Sri Lanka,10,Kasun Rajitha,8,21,30,0,0,38.09,T20I # 1850,not_out
New Zealand Vs Sri Lanka,Sri Lanka,11,Lahiru Kumara,4,5,10,1,0,80.00,T20I # 1850,out
Bangladesh Vs Zimbabwe,Bangladesh,1,Najmul Hossain Shanto ,71,55,77,7,1,129.09,T20I # 1851,out
Bangladesh Vs Zimbabwe,Bangladesh,2,Soumya Sarkar ,0,2,9,0,0,0.00,T20I # 1851,out
Bangladesh Vs Zimbabwe,Bangladesh,3,Litton Das ,14,12,22,3,0,116.66,T20I # 1851,out
Bangladesh Vs Zimbabwe,Bangladesh,4,Shakib Al Hasan (c),23,20,32,1,0,115.00,T20I # 1851,out
Bangladesh Vs Zimbabwe,Bangladesh,5,Afif Hossain ,29,19,40,1,1,152.63,T20I # 1851,out
Bangladesh Vs Zimbabwe,Bangladesh,6,Mosaddek Hossain ,7,10,18,0,0,70.00,T20I # 1851,out
Bangladesh Vs Zimbabwe,Bangladesh,7,Nurul Hasan ,1,1,5,0,0,100.00,T20I # 1851,out
Bangladesh Vs Zimbabwe,Bangladesh,8,Yasir Ali ,1,1,3,0,0,100.00,T20I # 1851,not_out
Bangladesh Vs Zimbabwe,Zimbabwe,1,Wessly Madhevere,4,3,1,1,0,133.33,T20I # 1851,out
Bangladesh Vs Zimbabwe,Zimbabwe,2,Craig Ervine (c),8,7,16,2,0,114.28,T20I # 1851,out
Bangladesh Vs Zimbabwe,Zimbabwe,3,Milton Shumba,8,15,24,1,0,53.33,T20I # 1851,out
Bangladesh Vs Zimbabwe,Zimbabwe,4,Sean Williams,64,42,75,8,0,152.38,T20I # 1851,out
Bangladesh Vs Zimbabwe,Zimbabwe,5,Sikandar Raza,0,3,4,0,0,0.00,T20I # 1851,out
Bangladesh Vs Zimbabwe,Zimbabwe,6,Regis Chakabva ,15,19,24,0,0,78.94,T20I # 1851,out
Bangladesh Vs Zimbabwe,Zimbabwe,7,Ryan Burl,27,25,50,2,1,108.00,T20I # 1851,not_out
Bangladesh Vs Zimbabwe,Zimbabwe,8,Brad Evans,2,2,5,0,0,100.00,T20I # 1851,out
Bangladesh Vs Zimbabwe,Zimbabwe,9,Richard Ngarava,6,3,6,0,1,200.00,T20I # 1851,out
Bangladesh Vs Zimbabwe,Zimbabwe,10,Blessing Muzarabani,0,2,6,0,0,0.00,T20I # 1851,not_out
Netherlands Vs Pakistan,Netherlands,1,Stephan Myburgh ,6,11,13,1,0,54.54,T20I # 1852,out
Netherlands Vs Pakistan,Netherlands,2,Max O'Dowd ,8,13,41,0,0,61.53,T20I # 1852,out
Netherlands Vs Pakistan,Netherlands,3,Bas de Leede ,6,16,15,1,0,37.50,T20I # 1852,out
Netherlands Vs Pakistan,Netherlands,4,Tom Cooper ,1,2,4,0,0,50.00,T20I # 1852,out
Netherlands Vs Pakistan,Netherlands,5,Colin Ackermann ,27,27,40,2,0,100.00,T20I # 1852,out
Netherlands Vs Pakistan,Netherlands,6,Scott Edwards (c),15,20,38,1,0,75.00,T20I # 1852,out
Netherlands Vs Pakistan,Netherlands,7,Roelof van der Merwe ,5,6,12,0,0,83.33,T20I # 1852,out
Netherlands Vs Pakistan,Netherlands,8,Tim Pringle ,5,8,15,0,0,62.50,T20I # 1852,out
Netherlands Vs Pakistan,Netherlands,9,Logan van Beek ,6,9,18,0,0,66.66,T20I # 1852,not_out
Netherlands Vs Pakistan,Netherlands,10,Fred Klaassen ,0,1,1,0,0,0.00,T20I # 1852,out
Netherlands Vs Pakistan,Netherlands,11,Paul van Meekeren ,7,7,8,0,0,100.00,T20I # 1852,out
Netherlands Vs Pakistan,Pakistan,1,Mohammad Rizwan ,49,39,66,5,0,125.64,T20I # 1852,out
Netherlands Vs Pakistan,Pakistan,2,Babar Azam (c),4,5,10,1,0,80.00,T20I # 1852,out
Netherlands Vs Pakistan,Pakistan,3,Fakhar Zaman,20,16,27,3,0,125.00,T20I # 1852,out
Netherlands Vs Pakistan,Pakistan,4,Shan Masood,12,16,35,0,0,75.00,T20I # 1852,out
Netherlands Vs Pakistan,Pakistan,5,Iftikhar Ahmed,6,5,10,0,0,120.00,T20I # 1852,not_out
Netherlands Vs Pakistan,Pakistan,6,Shadab Khan,4,2,2,1,0,200.00,T20I # 1852,not_out
India Vs South Africa,India,1,KL Rahul ,9,14,25,0,1,64.28,T20I # 1853,out
India Vs South Africa,India,2,Rohit Sharma (c),15,14,22,1,1,107.14,T20I # 1853,out
India Vs South Africa,India,3,Virat Kohli ,12,11,13,2,0,109.09,T20I # 1853,out
India Vs South Africa,India,4,Suryakumar Yadav ,68,40,68,6,3,170.00,T20I # 1853,out
India Vs South Africa,India,5,Deepak Hooda ,0,3,4,0,0,0.00,T20I # 1853,out
India Vs South Africa,India,6,Hardik Pandya ,2,3,6,0,0,66.66,T20I # 1853,out
India Vs South Africa,India,7,Dinesh Karthik ,6,15,33,0,0,40.00,T20I # 1853,out
India Vs South Africa,India,8,Ravichandran Ashwin ,7,11,15,0,0,63.63,T20I # 1853,out
India Vs South Africa,India,9,Bhuvneshwar Kumar ,4,6,9,0,0,66.66,T20I # 1853,not_out
India Vs South Africa,India,10,Mohammed Shami ,0,2,5,0,0,0.00,T20I # 1853,out
India Vs South Africa,South Africa,1,Quinton de Kock ,1,3,7,0,0,33.33,T20I # 1853,out
India Vs South Africa,South Africa,2,Temba Bavuma (c),10,15,30,0,1,66.66,T20I # 1853,out
India Vs South Africa,South Africa,3,Rilee Rossouw,0,2,4,0,0,0.00,T20I # 1853,out
India Vs South Africa,South Africa,4,Aiden Markram,52,41,72,6,1,126.82,T20I # 1853,out
India Vs South Africa,South Africa,5,David Miller,59,46,78,4,3,128.26,T20I # 1853,not_out
India Vs South Africa,South Africa,6,Tristan Stubbs,6,6,15,1,0,100.00,T20I # 1853,out
India Vs South Africa,South Africa,7,Wayne Parnell,2,5,11,0,0,40.00,T20I # 1853,not_out
Australia Vs Ireland,Australia,1,David Warner ,3,7,13,0,0,42.85,T20I # 1855,out
Australia Vs Ireland,Australia,2,Aaron Finch (c),63,44,87,5,3,143.18,T20I # 1855,out
Australia Vs Ireland,Australia,3,Mitchell Marsh ,28,22,28,2,2,127.27,T20I # 1855,out
Australia Vs Ireland,Australia,4,Glenn Maxwell ,13,9,18,0,1,144.44,T20I # 1855,out
Australia Vs Ireland,Australia,5,Marcus Stoinis ,35,25,41,3,1,140.00,T20I # 1855,out
Australia Vs Ireland,Australia,6,Tim David ,15,10,15,2,0,150.00,T20I # 1855,not_out
Australia Vs Ireland,Australia,7,Matthew Wade ,7,3,7,1,0,233.33,T20I # 1855,not_out
Australia Vs Ireland,Ireland,1,Paul Stirling,11,7,11,1,1,157.14,T20I # 1855,out
Australia Vs Ireland,Ireland,2,Andy Balbirnie (c),6,7,11,0,1,85.71,T20I # 1855,out
Australia Vs Ireland,Ireland,3,Lorcan Tucker ,71,48,81,9,1,147.91,T20I # 1855,not_out
Australia Vs Ireland,Ireland,4,Harry Tector,6,4,3,1,0,150.00,T20I # 1855,out
Australia Vs Ireland,Ireland,5,Curtis Campher,0,1,5,0,0,0.00,T20I # 1855,out
Australia Vs Ireland,Ireland,6,George Dockrell,0,4,4,0,0,0.00,T20I # 1855,out
Australia Vs Ireland,Ireland,7,Gareth Delany,14,10,27,2,0,140.00,T20I # 1855,out
Australia Vs Ireland,Ireland,8,Mark Adair,11,11,13,1,0,100.00,T20I # 1855,out
Australia Vs Ireland,Ireland,9,Fionn Hand,6,6,10,1,0,100.00,T20I # 1855,out
Australia Vs Ireland,Ireland,10,Barry McCarthy,3,7,16,0,0,42.85,T20I # 1855,out
Australia Vs Ireland,Ireland,11,Josh Little,1,5,6,0,0,20.00,T20I # 1855,out
Afghanistan Vs Sri Lanka,Afghanistan,1,Rahmanullah Gurbaz ,28,24,33,2,2,116.66,T20I # 1856,out
Afghanistan Vs Sri Lanka,Afghanistan,2,Usman Ghani ,27,27,54,2,1,100.00,T20I # 1856,out
Afghanistan Vs Sri Lanka,Afghanistan,3,Ibrahim Zadran ,22,18,35,1,1,122.22,T20I # 1856,out
Afghanistan Vs Sri Lanka,Afghanistan,4,Najibullah Zadran ,18,16,29,1,0,112.50,T20I # 1856,out
Afghanistan Vs Sri Lanka,Afghanistan,5,Gulbadin Naib ,12,14,25,0,0,85.71,T20I # 1856,out
Afghanistan Vs Sri Lanka,Afghanistan,6,Mohammad Nabi (c),13,8,15,1,0,162.50,T20I # 1856,out
Afghanistan Vs Sri Lanka,Afghanistan,7,Rashid Khan ,9,8,10,1,0,112.50,T20I # 1856,out
Afghanistan Vs Sri Lanka,Afghanistan,8,Azmatullah Omarzai ,3,4,3,0,0,75.00,T20I # 1856,not_out
Afghanistan Vs Sri Lanka,Afghanistan,9,Mujeeb Ur Rahman ,1,2,1,0,0,50.00,T20I # 1856,out
Afghanistan Vs Sri Lanka,Sri Lanka,1,Pathum Nissanka,10,10,10,2,0,100.00,T20I # 1856,out
Afghanistan Vs Sri Lanka,Sri Lanka,2,Kusal Mendis ,25,27,33,2,1,92.59,T20I # 1856,out
Afghanistan Vs Sri Lanka,Sri Lanka,3,Dhananjaya de Silva,66,42,78,6,2,157.14,T20I # 1856,not_out
Afghanistan Vs Sri Lanka,Sri Lanka,4,Charith Asalanka,19,18,27,1,0,105.55,T20I # 1856,out
Afghanistan Vs Sri Lanka,Sri Lanka,5,Bhanuka Rajapaksa,18,14,24,3,0,128.57,T20I # 1856,out
Afghanistan Vs Sri Lanka,Sri Lanka,6,Dasun Shanaka (c),0,0,4,0,0,-,T20I # 1856,not_out
England Vs New Zealand,England,1,Jos Buttler (c),73,47,82,7,2,155.31,T20I # 1858,out
England Vs New Zealand,England,2,Alex Hales ,52,40,46,7,1,130.00,T20I # 1858,out
England Vs New Zealand,England,3,Moeen Ali ,5,6,13,0,0,83.33,T20I # 1858,out
England Vs New Zealand,England,4,Liam Livingstone ,20,14,20,1,1,142.85,T20I # 1858,out
England Vs New Zealand,England,5,Harry Brook ,7,3,6,0,1,233.33,T20I # 1858,out
England Vs New Zealand,England,6,Ben Stokes ,8,7,11,0,0,114.28,T20I # 1858,out
England Vs New Zealand,England,7,Sam Curran ,6,3,7,0,1,200.00,T20I # 1858,not_out
England Vs New Zealand,England,8,Dawid Malan ,3,1,1,0,0,300.00,T20I # 1858,not_out
England Vs New Zealand,New Zealand,1,Finn Allen,16,11,25,0,1,145.45,T20I # 1858,out
England Vs New Zealand,New Zealand,2,Devon Conway ,3,9,12,0,0,33.33,T20I # 1858,out
England Vs New Zealand,New Zealand,3,Kane Williamson (c),40,40,57,3,0,100.00,T20I # 1858,out
England Vs New Zealand,New Zealand,4,Glenn Phillips,62,36,64,4,3,172.22,T20I # 1858,out
England Vs New Zealand,New Zealand,5,James Neesham,6,3,7,1,0,200.00,T20I # 1858,out
England Vs New Zealand,New Zealand,6,Daryl Mitchell,3,5,10,0,0,60.00,T20I # 1858,out
England Vs New Zealand,New Zealand,7,Mitchell Santner,16,10,19,0,1,160.00,T20I # 1858,not_out
England Vs New Zealand,New Zealand,8,Ish Sodhi,6,6,4,0,0,100.00,T20I # 1858,not_out
Zimbabwe Vs Netherlands,Zimbabwe,1,Wessly Madhevere ,1,5,9,0,0,20.00,T20I # 1859,out
Zimbabwe Vs Netherlands,Zimbabwe,2,Craig Ervine (c),3,12,18,0,0,25.00,T20I # 1859,out
Zimbabwe Vs Netherlands,Zimbabwe,3,Regis Chakabva ,5,16,18,1,0,31.25,T20I # 1859,out
Zimbabwe Vs Netherlands,Zimbabwe,4,Sean Williams ,28,23,39,3,0,121.73,T20I # 1859,out
Zimbabwe Vs Netherlands,Zimbabwe,5,Sikandar Raza ,40,24,46,3,3,166.66,T20I # 1859,out
Zimbabwe Vs Netherlands,Zimbabwe,6,Milton Shumba ,2,3,6,0,0,66.66,T20I # 1859,out
Zimbabwe Vs Netherlands,Zimbabwe,7,Ryan Burl ,2,7,19,0,0,28.57,T20I # 1859,out
Zimbabwe Vs Netherlands,Zimbabwe,8,Luke Jongwe ,6,8,12,0,0,75.00,T20I # 1859,out
Zimbabwe Vs Netherlands,Zimbabwe,9,Richard Ngarava ,9,7,12,0,1,128.57,T20I # 1859,out
Zimbabwe Vs Netherlands,Zimbabwe,10,Tendai Chatara ,6,7,15,0,0,85.71,T20I # 1859,not_out
Zimbabwe Vs Netherlands,Zimbabwe,11,Blessing Muzarabani ,1,4,9,0,0,25.00,T20I # 1859,out
Zimbabwe Vs Netherlands,Netherlands,1,Stephan Myburgh,8,7,15,0,1,114.28,T20I # 1859,out
Zimbabwe Vs Netherlands,Netherlands,2,Max O'Dowd,52,47,70,8,1,110.63,T20I # 1859,out
Zimbabwe Vs Netherlands,Netherlands,3,Tom Cooper,32,29,42,2,1,110.34,T20I # 1859,out
Zimbabwe Vs Netherlands,Netherlands,4,Colin Ackermann,1,5,6,0,0,20.00,T20I # 1859,out
Zimbabwe Vs Netherlands,Netherlands,5,Bas de Leede,12,12,21,2,0,100.00,T20I # 1859,not_out
Zimbabwe Vs Netherlands,Netherlands,6,Scott Edwards (c),5,6,8,1,0,83.33,T20I # 1859,out
Zimbabwe Vs Netherlands,Netherlands,7,Roelof van der Merwe,0,3,6,0,0,0.00,T20I # 1859,not_out
India Vs Bangladesh,India,1,KL Rahul ,50,32,49,3,4,156.25,T20I # 1860,out
India Vs Bangladesh,India,2,Rohit Sharma (c),2,8,18,0,0,25.00,T20I # 1860,out
India Vs Bangladesh,India,3,Virat Kohli ,64,44,84,8,1,145.45,T20I # 1860,not_out
India Vs Bangladesh,India,4,Suryakumar Yadav ,30,16,18,4,0,187.50,T20I # 1860,out
India Vs Bangladesh,India,5,Hardik Pandya ,5,6,8,0,0,83.33,T20I # 1860,out
India Vs Bangladesh,India,6,Dinesh Karthik ,7,5,12,1,0,140.00,T20I # 1860,out
India Vs Bangladesh,India,7,Axar Patel ,7,6,6,1,0,116.66,T20I # 1860,out
India Vs Bangladesh,India,8,Ravichandran Ashwin ,13,6,9,1,1,216.66,T20I # 1860,not_out
India Vs Bangladesh,Bangladesh,1,Najmul Hossain Shanto,21,25,50,1,1,84.00,T20I # 1860,out
India Vs Bangladesh,Bangladesh,2,Litton Das,60,27,40,7,3,222.22,T20I # 1860,out
India Vs Bangladesh,Bangladesh,3,Shakib Al Hasan (c),13,12,24,2,0,108.33,T20I # 1860,out
India Vs Bangladesh,Bangladesh,4,Afif Hossain,3,5,12,0,0,60.00,T20I # 1860,out
India Vs Bangladesh,Bangladesh,5,Yasir Ali,1,3,8,0,0,33.33,T20I # 1860,out
India Vs Bangladesh,Bangladesh,6,Nurul Hasan ,25,14,29,2,1,178.57,T20I # 1860,not_out
India Vs Bangladesh,Bangladesh,7,Mosaddek Hossain,6,3,4,0,1,200.00,T20I # 1860,out
India Vs Bangladesh,Bangladesh,8,Taskin Ahmed,12,7,22,1,1,171.42,T20I # 1860,not_out
Pakistan Vs South Africa,Pakistan,1,Mohammad Rizwan ,4,4,4,1,0,100.00,T20I # 1861,out
Pakistan Vs South Africa,Pakistan,2,Babar Azam (c),6,15,29,0,0,40.00,T20I # 1861,out
Pakistan Vs South Africa,Pakistan,3,Mohammad Haris ,28,11,19,2,3,254.54,T20I # 1861,out
Pakistan Vs South Africa,Pakistan,4,Shan Masood ,2,6,11,0,0,33.33,T20I # 1861,out
Pakistan Vs South Africa,Pakistan,5,Iftikhar Ahmed ,51,35,73,3,2,145.71,T20I # 1861,out
Pakistan Vs South Africa,Pakistan,6,Mohammad Nawaz ,28,22,32,4,1,127.27,T20I # 1861,out
Pakistan Vs South Africa,Pakistan,7,Shadab Khan ,52,22,31,3,4,236.36,T20I # 1861,out
Pakistan Vs South Africa,Pakistan,8,Mohammad Wasim ,0,1,1,0,0,0.00,T20I # 1861,out
Pakistan Vs South Africa,Pakistan,9,Naseem Shah ,5,3,3,0,0,166.66,T20I # 1861,not_out
Pakistan Vs South Africa,Pakistan,10,Haris Rauf ,3,2,2,0,0,150.00,T20I # 1861,out
Pakistan Vs South Africa,South Africa,1,Temba Bavuma (c),36,19,39,4,1,189.47,T20I # 1861,out
Pakistan Vs South Africa,South Africa,2,Quinton de Kock ,0,5,6,0,0,0.00,T20I # 1861,out
Pakistan Vs South Africa,South Africa,3,Rilee Rossouw,7,6,10,0,1,116.66,T20I # 1861,out
Pakistan Vs South Africa,South Africa,4,Aiden Markram,20,14,28,4,0,142.85,T20I # 1861,out
Pakistan Vs South Africa,South Africa,5,Heinrich Klaasen,15,9,18,3,0,166.66,T20I # 1861,out
Pakistan Vs South Africa,South Africa,6,Tristan Stubbs,18,18,28,0,1,100.00,T20I # 1861,out
Pakistan Vs South Africa,South Africa,7,Wayne Parnell,3,4,9,0,0,75.00,T20I # 1861,out
Pakistan Vs South Africa,South Africa,8,Kagiso Rabada,1,2,11,0,0,50.00,T20I # 1861,out
Pakistan Vs South Africa,South Africa,9,Anrich Nortje,1,5,8,0,0,20.00,T20I # 1861,out
Pakistan Vs South Africa,South Africa,10,Lungi Ngidi,4,1,5,1,0,400.00,T20I # 1861,not_out
Pakistan Vs South Africa,South Africa,11,Tabraiz Shamsi,1,1,3,0,0,100.00,T20I # 1861,not_out
New Zealand Vs Ireland,New Zealand,1,Finn Allen ,32,18,30,5,1,177.77,T20I # 1862,out
New Zealand Vs Ireland,New Zealand,2,Devon Conway ,28,33,55,2,0,84.84,T20I # 1862,out
New Zealand Vs Ireland,New Zealand,3,Kane Williamson (c),61,35,59,5,3,174.28,T20I # 1862,out
New Zealand Vs Ireland,New Zealand,4,Glenn Phillips ,17,9,9,2,1,188.88,T20I # 1862,out
New Zealand Vs Ireland,New Zealand,5,Daryl Mitchell ,31,21,35,2,0,147.61,T20I # 1862,not_out
New Zealand Vs Ireland,New Zealand,6,James Neesham ,0,1,3,0,0,0.00,T20I # 1862,out
New Zealand Vs Ireland,New Zealand,7,Mitchell Santner ,0,1,2,0,0,0.00,T20I # 1862,out
New Zealand Vs Ireland,New Zealand,8,Tim Southee ,1,2,7,0,0,50.00,T20I # 1862,not_out
New Zealand Vs Ireland,Ireland,1,Paul Stirling,37,27,39,3,1,137.03,T20I # 1862,out
New Zealand Vs Ireland,Ireland,2,Andy Balbirnie (c),30,25,36,0,3,120.00,T20I # 1862,out
New Zealand Vs Ireland,Ireland,3,Lorcan Tucker ,13,14,30,0,0,92.85,T20I # 1862,out
New Zealand Vs Ireland,Ireland,4,Harry Tector,2,7,4,0,0,28.57,T20I # 1862,out
New Zealand Vs Ireland,Ireland,5,Gareth Delany,10,8,12,2,0,125.00,T20I # 1862,out
New Zealand Vs Ireland,Ireland,6,George Dockrell,23,15,24,3,0,153.33,T20I # 1862,out
New Zealand Vs Ireland,Ireland,7,Curtis Campher,7,7,10,1,0,100.00,T20I # 1862,out
New Zealand Vs Ireland,Ireland,8,Fionn Hand,5,3,7,1,0,166.66,T20I # 1862,out
New Zealand Vs Ireland,Ireland,9,Mark Adair,4,5,9,0,0,80.00,T20I # 1862,out
New Zealand Vs Ireland,Ireland,10,Barry McCarthy,6,5,10,0,0,120.00,T20I # 1862,not_out
New Zealand Vs Ireland,Ireland,11,Josh Little,8,4,3,0,1,200.00,T20I # 1862,not_out
Australia Vs Afghanistan,Australia,1,David Warner ,25,18,28,5,0,138.88,T20I # 1864,out
Australia Vs Afghanistan,Australia,2,Cameron Green ,3,2,12,0,0,150.00,T20I # 1864,out
Australia Vs Afghanistan,Australia,3,Mitchell Marsh ,45,30,42,3,2,150.00,T20I # 1864,out
Australia Vs Afghanistan,Australia,4,Steven Smith ,4,4,6,1,0,100.00,T20I # 1864,out
Australia Vs Afghanistan,Australia,5,Marcus Stoinis ,25,21,41,0,2,119.04,T20I # 1864,out
Australia Vs Afghanistan,Australia,6,Glenn Maxwell ,54,32,46,6,2,168.75,T20I # 1864,not_out
Australia Vs Afghanistan,Australia,7,Matthew Wade (c),6,8,14,1,0,75.00,T20I # 1864,out
Australia Vs Afghanistan,Australia,8,Pat Cummins ,0,2,4,0,0,0.00,T20I # 1864,out
Australia Vs Afghanistan,Australia,9,Kane Richardson ,1,1,6,0,0,100.00,T20I # 1864,out
Australia Vs Afghanistan,Australia,10,Adam Zampa ,1,1,5,0,0,100.00,T20I # 1864,not_out
Australia Vs Afghanistan,Afghanistan,1,Rahmanullah Gurbaz ,30,17,31,2,2,176.47,T20I # 1864,out
Australia Vs Afghanistan,Afghanistan,2,Usman Ghani,2,7,16,0,0,28.57,T20I # 1864,out
Australia Vs Afghanistan,Afghanistan,3,Ibrahim Zadran,26,33,55,2,0,78.78,T20I # 1864,out
Australia Vs Afghanistan,Afghanistan,4,Gulbadin Naib,39,23,38,3,2,169.56,T20I # 1864,out
Australia Vs Afghanistan,Afghanistan,5,Mohammad Nabi (c),1,2,10,0,0,50.00,T20I # 1864,out
Australia Vs Afghanistan,Afghanistan,6,Najibullah Zadran,0,2,3,0,0,0.00,T20I # 1864,out
Australia Vs Afghanistan,Afghanistan,7,Darwish Rasooli,15,13,28,1,0,115.38,T20I # 1864,out
Australia Vs Afghanistan,Afghanistan,8,Rashid Khan,48,23,27,3,4,208.69,T20I # 1864,not_out
Australia Vs Afghanistan,Afghanistan,9,Naveen-ul-Haq,0,0,4,0,0,-,T20I # 1864,not_out
Sri Lanka Vs England,Sri Lanka,1,Pathum Nissanka ,67,45,70,2,5,148.88,T20I # 1867,out
Sri Lanka Vs England,Sri Lanka,2,Kusal Mendis ,18,14,21,1,1,128.57,T20I # 1867,out
Sri Lanka Vs England,Sri Lanka,3,Dhananjaya de Silva ,9,11,17,0,0,81.81,T20I # 1867,out
Sri Lanka Vs England,Sri Lanka,4,Charith Asalanka ,8,9,15,0,0,88.88,T20I # 1867,out
Sri Lanka Vs England,Sri Lanka,5,Bhanuka Rajapaksa ,22,22,41,3,0,100.00,T20I # 1867,out
Sri Lanka Vs England,Sri Lanka,6,Dasun Shanaka (c),3,8,12,0,0,37.50,T20I # 1867,out
Sri Lanka Vs England,Sri Lanka,7,Wanindu Hasaranga de Silva ,9,9,13,1,0,100.00,T20I # 1867,out
Sri Lanka Vs England,Sri Lanka,8,Chamika Karunaratne ,0,2,3,0,0,0.00,T20I # 1867,out
Sri Lanka Vs England,Sri Lanka,9,Maheesh Theekshana ,0,0,2,0,0,-,T20I # 1867,not_out
Sri Lanka Vs England,England,1,Jos Buttler (c),28,23,35,2,1,121.73,T20I # 1867,out
Sri Lanka Vs England,England,2,Alex Hales,47,30,42,7,1,156.66,T20I # 1867,out
Sri Lanka Vs England,England,3,Ben Stokes,42,36,59,2,0,116.66,T20I # 1867,not_out
Sri Lanka Vs England,England,4,Harry Brook,4,5,9,0,0,80.00,T20I # 1867,out
Sri Lanka Vs England,England,5,Liam Livingstone,4,6,10,0,0,66.66,T20I # 1867,out
Sri Lanka Vs England,England,6,Moeen Ali,1,5,8,0,0,20.00,T20I # 1867,out
Sri Lanka Vs England,England,7,Sam Curran,6,11,16,0,0,54.54,T20I # 1867,out
Sri Lanka Vs England,England,8,Chris Woakes,5,3,11,1,0,166.66,T20I # 1867,not_out
Netherlands Vs South Africa,Netherlands,1,Stephan Myburgh ,37,30,41,7,0,123.33,T20I # 1871,out
Netherlands Vs South Africa,Netherlands,2,Max O'Dowd ,29,31,61,1,1,93.54,T20I # 1871,out
Netherlands Vs South Africa,Netherlands,3,Tom Cooper ,35,19,30,2,2,184.21,T20I # 1871,out
Netherlands Vs South Africa,Netherlands,4,Colin Ackermann ,41,26,31,3,2,157.69,T20I # 1871,not_out
Netherlands Vs South Africa,Netherlands,5,Bas de Leede ,1,7,11,0,0,14.28,T20I # 1871,out
Netherlands Vs South Africa,Netherlands,6,Scott Edwards (c),12,7,11,2,0,171.42,T20I # 1871,not_out
Netherlands Vs South Africa,South Africa,1,Quinton de Kock ,13,13,12,1,1,100.00,T20I # 1871,out
Netherlands Vs South Africa,South Africa,2,Temba Bavuma (c),20,20,26,2,0,100.00,T20I # 1871,out
Netherlands Vs South Africa,South Africa,3,Rilee Rossouw,25,19,29,2,0,131.57,T20I # 1871,out
Netherlands Vs South Africa,South Africa,4,Aiden Markram,17,13,30,2,0,130.76,T20I # 1871,out
Netherlands Vs South Africa,South Africa,5,David Miller,17,17,28,1,0,100.00,T20I # 1871,out
Netherlands Vs South Africa,South Africa,6,Heinrich Klaasen,21,18,27,0,1,116.66,T20I # 1871,out
Netherlands Vs South Africa,South Africa,7,Wayne Parnell,0,2,3,0,0,0.00,T20I # 1871,out
Netherlands Vs South Africa,South Africa,8,Keshav Maharaj,13,12,20,0,1,108.33,T20I # 1871,out
Netherlands Vs South Africa,South Africa,9,Kagiso Rabada,9,8,13,0,0,112.50,T20I # 1871,not_out
Netherlands Vs South Africa,South Africa,10,Anrich Nortje,4,1,2,1,0,400.00,T20I # 1871,not_out
Bangladesh Vs Pakistan,Bangladesh,1,Najmul Hossain Shanto ,54,48,66,7,0,112.50,T20I # 1872,out
Bangladesh Vs Pakistan,Bangladesh,2,Litton Das ,10,8,15,0,1,125.00,T20I # 1872,out
Bangladesh Vs Pakistan,Bangladesh,3,Soumya Sarkar ,20,17,38,1,1,117.64,T20I # 1872,out
Bangladesh Vs Pakistan,Bangladesh,4,Shakib Al Hasan (c),0,1,4,0,0,0.00,T20I # 1872,out
Bangladesh Vs Pakistan,Bangladesh,5,Afif Hossain ,24,20,47,3,0,120.00,T20I # 1872,not_out
Bangladesh Vs Pakistan,Bangladesh,6,Mosaddek Hossain ,5,11,17,0,0,45.45,T20I # 1872,out
Bangladesh Vs Pakistan,Bangladesh,7,Nurul Hasan ,0,3,4,0,0,0.00,T20I # 1872,out
Bangladesh Vs Pakistan,Bangladesh,8,Taskin Ahmed ,1,5,8,0,0,20.00,T20I # 1872,out
Bangladesh Vs Pakistan,Bangladesh,9,Nasum Ahmed ,7,6,9,1,0,116.66,T20I # 1872,out
Bangladesh Vs Pakistan,Bangladesh,10,Mustafizur Rahman ,0,1,1,0,0,0.00,T20I # 1872,not_out
Bangladesh Vs Pakistan,Pakistan,1,Mohammad Rizwan ,32,32,51,2,1,100.00,T20I # 1872,out
Bangladesh Vs Pakistan,Pakistan,2,Babar Azam (c),25,33,46,2,0,75.75,T20I # 1872,out
Bangladesh Vs Pakistan,Pakistan,3,Mohammad Nawaz,4,11,27,0,0,36.36,T20I # 1872,out
Bangladesh Vs Pakistan,Pakistan,4,Mohammad Haris,31,18,31,1,2,172.22,T20I # 1872,out
Bangladesh Vs Pakistan,Pakistan,5,Shan Masood,24,14,20,2,0,171.42,T20I # 1872,not_out
Bangladesh Vs Pakistan,Pakistan,6,Iftikhar Ahmed,1,3,8,0,0,33.33,T20I # 1872,out
Bangladesh Vs Pakistan,Pakistan,7,Shadab Khan,0,0,2,0,0,-,T20I # 1872,not_out
India Vs Zimbabwe,India,1,KL Rahul ,51,35,59,3,3,145.71,T20I # 1873,out
India Vs Zimbabwe,India,2,Rohit Sharma (c),15,13,20,2,0,115.38,T20I # 1873,out
India Vs Zimbabwe,India,3,Virat Kohli ,26,25,36,2,0,104.00,T20I # 1873,out
India Vs Zimbabwe,India,4,Suryakumar Yadav ,61,25,44,6,4,244.00,T20I # 1873,not_out
India Vs Zimbabwe,India,5,Rishabh Pant ,3,5,7,0,0,60.00,T20I # 1873,out
India Vs Zimbabwe,India,6,Hardik Pandya ,18,18,29,2,0,100.00,T20I # 1873,out
India Vs Zimbabwe,India,7,Axar Patel ,0,0,6,0,0,-,T20I # 1873,not_out
India Vs Zimbabwe,Zimbabwe,1,Wessly Madhevere,0,1,1,0,0,0.00,T20I # 1873,out
India Vs Zimbabwe,Zimbabwe,2,Craig Ervine (c),13,15,37,2,0,86.66,T20I # 1873,out
India Vs Zimbabwe,Zimbabwe,3,Regis Chakabva ,0,6,9,0,0,0.00,T20I # 1873,out
India Vs Zimbabwe,Zimbabwe,4,Sean Williams,11,18,22,0,1,61.11,T20I # 1873,out
India Vs Zimbabwe,Zimbabwe,5,Sikandar Raza,34,24,53,3,0,141.66,T20I # 1873,out
India Vs Zimbabwe,Zimbabwe,6,Tony Munyonga,5,4,6,1,0,125.00,T20I # 1873,out
India Vs Zimbabwe,Zimbabwe,7,Ryan Burl,35,22,27,5,1,159.09,T20I # 1873,out
India Vs Zimbabwe,Zimbabwe,8,Wellington Masakadza,1,7,8,0,0,14.28,T20I # 1873,out
India Vs Zimbabwe,Zimbabwe,9,Richard Ngarava,1,2,4,0,0,50.00,T20I # 1873,out
India Vs Zimbabwe,Zimbabwe,10,Tendai Chatara,4,4,11,1,0,100.00,T20I # 1873,out
India Vs Zimbabwe,Zimbabwe,11,Blessing Muzarabani,0,2,5,0,0,0.00,T20I # 1873,not_out
New Zealand Vs Pakistan,New Zealand,1,Finn Allen ,4,3,6,1,0,133.33,T20I # 1877,out
New Zealand Vs Pakistan,New Zealand,2,Devon Conway ,21,20,35,3,0,105.00,T20I # 1877,out
New Zealand Vs Pakistan,New Zealand,3,Kane Williamson (c),46,42,81,1,1,109.52,T20I # 1877,out
New Zealand Vs Pakistan,New Zealand,4,Glenn Phillips ,6,8,9,1,0,75.00,T20I # 1877,out
New Zealand Vs Pakistan,New Zealand,5,Daryl Mitchell ,53,35,60,3,1,151.42,T20I # 1877,not_out
New Zealand Vs Pakistan,New Zealand,6,James Neesham ,16,12,19,1,0,133.33,T20I # 1877,not_out
New Zealand Vs Pakistan,Pakistan,1,Mohammad Rizwan ,57,43,77,5,0,132.55,T20I # 1877,out
New Zealand Vs Pakistan,Pakistan,2,Babar Azam (c),53,42,56,7,0,126.19,T20I # 1877,out
New Zealand Vs Pakistan,Pakistan,3,Mohammad Haris,30,26,32,2,1,115.38,T20I # 1877,out
New Zealand Vs Pakistan,Pakistan,4,Shan Masood,3,4,13,0,0,75.00,T20I # 1877,not_out
New Zealand Vs Pakistan,Pakistan,5,Iftikhar Ahmed,0,0,3,0,0,-,T20I # 1877,not_out
India Vs England,India,1,KL Rahul ,5,5,8,1,0,100.00,T20I # 1878,out
India Vs England,India,2,Rohit Sharma (c),27,28,37,4,0,96.42,T20I # 1878,out
India Vs England,India,3,Virat Kohli ,50,40,75,4,1,125.00,T20I # 1878,out
India Vs England,India,4,Suryakumar Yadav ,14,10,14,1,1,140.00,T20I # 1878,out
India Vs England,India,5,Hardik Pandya ,63,33,47,4,5,190.90,T20I # 1878,out
India Vs England,India,6,Rishabh Pant ,6,4,13,1,0,150.00,T20I # 1878,out
India Vs England,India,7,Ravichandran Ashwin ,0,0,4,0,0,-,T20I # 1878,not_out
India Vs England,England,1,Jos Buttler (c),80,49,74,9,3,163.26,T20I # 1878,not_out
India Vs England,England,2,Alex Hales,86,47,74,4,7,182.97,T20I # 1878,not_out
Pakistan Vs England,Pakistan,1,Mohammad Rizwan ,15,14,24,0,1,107.14,T20I # 1879,out
Pakistan Vs England,Pakistan,2,Babar Azam (c),32,28,58,2,0,114.28,T20I # 1879,out
Pakistan Vs England,Pakistan,3,Mohammad Haris ,8,12,15,1,0,66.66,T20I # 1879,out
Pakistan Vs England,Pakistan,4,Shan Masood ,38,28,46,2,1,135.71,T20I # 1879,out
Pakistan Vs England,Pakistan,5,Iftikhar Ahmed ,0,6,8,0,0,0.00,T20I # 1879,out
Pakistan Vs England,Pakistan,6,Shadab Khan ,20,14,26,2,0,142.85,T20I # 1879,out
Pakistan Vs England,Pakistan,7,Mohammad Nawaz ,5,7,11,0,0,71.42,T20I # 1879,out
Pakistan Vs England,Pakistan,8,Mohammad Wasim ,4,8,12,0,0,50.00,T20I # 1879,out
Pakistan Vs England,Pakistan,9,Shaheen Shah Afridi ,5,3,8,1,0,166.66,T20I # 1879,not_out
Pakistan Vs England,Pakistan,10,Haris Rauf ,1,1,3,0,0,100.00,T20I # 1879,not_out
Pakistan Vs England,England,1,Jos Buttler (c),26,17,33,3,1,152.94,T20I # 1879,out
Pakistan Vs England,England,2,Alex Hales,1,2,6,0,0,50.00,T20I # 1879,out
Pakistan Vs England,England,3,Phil Salt,10,9,16,2,0,111.11,T20I # 1879,out
Pakistan Vs England,England,4,Ben Stokes,52,49,81,5,1,106.12,T20I # 1879,not_out
Pakistan Vs England,England,5,Harry Brook,20,23,36,1,0,86.95,T20I # 1879,out
Pakistan Vs England,England,6,Moeen Ali,19,13,30,3,0,146.15,T20I # 1879,out
Pakistan Vs England,England,7,Liam Livingstone,1,1,3,0,0,100.00,T20I # 1879,not_out
